peak_id	chrom	peak_start	peak_end	score	gene_id	gene_name
peak_0001	chr11	62608687	62609551	1000	ENSG00000133316	WDR74
peak_0001	chr11	62608687	62609551	1000	ENSG00000222328	RNU2-2P
peak_0002	chr1	144533938	144534476	1000	ENSG00000201699	RNU1-59P
peak_0003	chr11	62623091	62623486	1000	ENSG00000255717	SNHG1
peak_0004	chr12	7052923	7053590	1000	ENSG00000111678	C12orf57
peak_0004	chr12	7052923	7053590	1000	ENSG00000272173	U47924.31
peak_0004	chr12	7052923	7053590	1000	ENSG00000238923	RNU7-1
peak_0005	chr19	13044460	13044837	1000	ENSG00000179115	FARSA
peak_0006	chr1	147806467	147807051	1000	ENSG00000224481	RP11-495P10.3
peak_0006	chr1	147806467	147807051	1000	ENSG00000202408	RNU1-122P
peak_0007	chr17	56708714	56709362	1000	ENSG00000121101	TEX14
peak_0007	chr17	56708714	56709362	1000	ENSG00000212195	U3
peak_0008	chr1	17222507	17222947	1000	ENSG00000058453	CROCC
peak_0008	chr1	17222507	17222947	1000	ENSG00000207005	RNU1-2
peak_0009	chr1	45187125	45187701	1000	ENSG00000198520	C1orf228
peak_0009	chr1	45187125	45187701	1000	ENSG00000199377	RNU5F-1
peak_0010	chr1	28974909	28975660	1000	ENSG00000229388	RP11-442N24__B.1
peak_0010	chr1	28974909	28975660	1000	ENSG00000270103	RNU11
peak_0011	chr1	145382703	145383238	1000	ENSG00000201558	RNVU1-6
peak_0012	chr3	14692897	14693346	1000	ENSG00000154781	CCDC174
peak_0013	chr20	47895002	47895434	1000	ENSG00000177410	ZFAS1
peak_0015	chr11	62608687	62609551	1000	ENSG00000133316	WDR74
peak_0015	chr11	62608687	62609551	1000	ENSG00000222328	RNU2-2P
peak_0016	chr1	11967985	11968814	1000	ENSG00000199347	RNU5E-1
peak_0018	chr17	56736198	56736843	1000	ENSG00000121101	TEX14
peak_0018	chr17	56736198	56736843	1000	ENSG00000202077	RNU1-60P
peak_0019	chr1	28974909	28975660	1000	ENSG00000229388	RP11-442N24__B.1
peak_0019	chr1	28974909	28975660	1000	ENSG00000270103	RNU11
peak_0020	chr15	65596759	65597651	1000	ENSG00000200156	RNU5B-1
peak_0021	chr1	17231492	17232074	1000	ENSG00000058453	CROCC
peak_0022	chr17	8076425	8077107	1000	ENSG00000179029	TMEM107
peak_0022	chr17	8076425	8077107	1000	ENSG00000200463	SNORD118
peak_0023	chr11	65266305	65268798	1000	ENSG00000251562	MALAT1
peak_0025	chr15	65588198	65588970	1000	ENSG00000138617	PARP16
peak_0025	chr15	65588198	65588970	1000	ENSG00000199568	RNU5A-1
peak_0026	chr1	11967985	11968814	1000	ENSG00000199347	RNU5E-1
peak_0027	chr12	120729215	120729968	1000	ENSG00000202538	RNU4-2
peak_0028	chr22	43011069	43011750	1000	ENSG00000270022	RNU12
peak_0029	chr11	65266305	65268798	1000	ENSG00000251562	MALAT1
peak_0030	chr1	45196193	45196997	1000	ENSG00000200169	RNU5D-1
peak_0031	chr1	17231492	17232074	1000	ENSG00000058453	CROCC
peak_0032	chr1	11969664	11970081	966	ENSG00000201801	RNU5E-4P
peak_0033	chr17	57915148	57915594	954	ENSG00000062716	VMP1
peak_0034	chr1	153963125	153963494	949	ENSG00000177954	RPS27
peak_0035	chr1	149223545	149224253	924	ENSG00000206737	RNVU1-18
peak_0036	chr2	88315615	88316186	923	ENSG00000222724	RNU2-63P
peak_0038	chr20	30194001	30195750	918	ENSG00000125968	ID1
peak_0038	chr20	30194001	30195750	918	ENSG00000264395	MIR3193
peak_0039	chr6	33756866	33757210	917	ENSG00000161904	LEMD2
peak_0040	chr1	46768858	46769249	907	ENSG00000132128	LRRC41
peak_0041	chr19	13263699	13264250	903	ENSG00000160888	IER2
peak_0041	chr19	13263699	13264250	903	ENSG00000267598	CTC-250I14.6
peak_0042	chr1	148241394	148241916	902	ENSG00000207501	RNVU1-14
peak_0043	chr3	186501237	186501640	897	ENSG00000263826	RP11-573D15.9
peak_0043	chr3	186501237	186501640	897	ENSG00000156976	EIF4A2
peak_0044	chr1	210547249	210547700	893	ENSG00000054392	HHAT
peak_0044	chr1	210547249	210547700	893	ENSG00000200972	RNU5A-8P
peak_0045	chr2	122288347	122288860	886	ENSG00000074054	CLASP1
peak_0045	chr2	122288347	122288860	886	ENSG00000265451	RP11-204L24.2
peak_0045	chr2	122288347	122288860	886	ENSG00000264229	RNU4ATAC
peak_0046	chr15	65596759	65597651	881	ENSG00000200156	RNU5B-1
peak_0047	chr22	43011069	43011750	874	ENSG00000270022	RNU12
peak_0048	chr8	33370791	33371187	869	ENSG00000129696	TTI2
peak_0048	chr8	33370791	33371187	869	ENSG00000239039	SNORD13
peak_0049	chr6	44214698	44215048	865	ENSG00000096384	HSP90AB1
peak_0050	chr7	26240091	26240482	841	ENSG00000122566	HNRNPA2B1
peak_0051	chr1	173836833	173837289	840	ENSG00000234741	GAS5
peak_0051	chr1	173836833	173837289	840	ENSG00000185278	ZBTB37
peak_0052	chr16	2205097	2205496	837	ENSG00000260260	RP11-304L19.5
peak_0052	chr16	2205097	2205496	837	ENSG00000206630	SNORD60
peak_0053	chr17	8076425	8077107	835	ENSG00000179029	TMEM107
peak_0053	chr17	8076425	8077107	835	ENSG00000200463	SNORD118
peak_0054	chr9	140138172	140139214	827	ENSG00000188163	FAM166A
peak_0055	chr3	170587736	170588106	824	ENSG00000163584	RPL22L1
peak_0057	chr12	56510266	56510642	806	ENSG00000229117	RPL41
peak_0058	chr11	10830224	10830618	793	ENSG00000110321	EIF4G2
peak_0059	chr20	30192119	30193800	789	ENSG00000125968	ID1
peak_0060	chr2	38978259	38978676	784	ENSG00000115875	SRSF7
peak_0060	chr2	38978259	38978676	784	ENSG00000152147	GEMIN6
peak_0061	chr12	54674433	54674834	774	ENSG00000258344	RP11-968A15.8
peak_0061	chr12	54674433	54674834	774	ENSG00000135486	HNRNPA1
peak_0062	chr17	39834731	39835183	757	ENSG00000173801	JUP
peak_0063	chr9	130213471	130213775	755	ENSG00000197958	RPL12
peak_0063	chr9	130213471	130213775	755	ENSG00000148356	LRSAM1
peak_0064	chr11	65190110	65199314	750	ENSG00000245532	NEAT1
peak_0065	chr6	26020559	26020932	748	ENSG00000198366	HIST1H3A
peak_0066	chr13	111367436	111367864	745	ENSG00000153487	ING1
peak_0067	chrX	41193227	41193688	744	ENSG00000215301	DDX3X
peak_0068	chr11	65266305	65268798	740	ENSG00000251562	MALAT1
peak_0069	chr19	13265611	13266892	735	ENSG00000160888	IER2
peak_0070	chr6	111195913	111196203	721	ENSG00000123505	AMD1
peak_0071	chr1	28832354	28832830	718	ENSG00000180198	RCC1
peak_0071	chr1	28832354	28832830	718	ENSG00000242125	SNHG3
peak_0072	chr3	149095106	149095538	709	ENSG00000169908	TM4SF1
peak_0073	chr15	45003573	45003954	703	ENSG00000166710	B2M
peak_0074	chr17	57915148	57915858	701	ENSG00000062716	VMP1
peak_0075	chr3	39448135	39448369	699	ENSG00000168028	RPSA
peak_0076	chr6	26204651	26205084	698	ENSG00000198518	HIST1H4E
peak_0077	chr6	30584754	30585155	696	ENSG00000204569	PPP1R10
peak_0078	chr7	100026376	100026712	696	ENSG00000078487	ZCWPW1
peak_0078	chr7	100026376	100026712	696	ENSG00000146834	MEPCE
peak_0079	chr6	74230528	74230898	696	ENSG00000156508	EEF1A1
peak_0080	chr5	40835114	40835394	695	ENSG00000145592	RPL37
peak_0081	chr11	65270080	65275455	684	ENSG00000251562	MALAT1
peak_0083	chrX	23801168	23801543	682	ENSG00000130066	SAT1
peak_0084	chr11	65190110	65199314	679	ENSG00000245532	NEAT1
peak_0085	chr1	148241394	148241918	677	ENSG00000207501	RNVU1-14
peak_0086	chr19	2476023	2476327	674	ENSG00000099860	GADD45B
peak_0087	chr19	49990820	49991125	669	ENSG00000273189	CTD-3148I10.15
peak_0087	chr19	49990820	49991125	669	ENSG00000142541	RPL13A
peak_0088	chr17	7387597	7387962	668	ENSG00000181222	POLR2A
peak_0089	chr12	120638711	120639081	654	ENSG00000089157	RPLP0
peak_0090	chr6	26055485	26056806	653	ENSG00000187837	HIST1H1C
peak_0091	chr12	50135239	50135596	647	ENSG00000139644	TMBIM6
peak_0092	chr6	31795356	31795747	645	ENSG00000204388	HSPA1B
peak_0093	chr11	65270080	65275455	642	ENSG00000251562	MALAT1
peak_0094	chr17	62223192	62223525	641	ENSG00000266402	SNORA76
peak_0094	chr17	62223192	62223525	641	ENSG00000199753	SNORD104
peak_0095	chr3	193853841	193854092	637	ENSG00000114315	HES1
peak_0096	chr11	65190110	65199314	637	ENSG00000245532	NEAT1
peak_0097	chr11	93474422	93474716	637	ENSG00000166012	TAF1D
peak_0099	chr9	131940298	131940600	632	ENSG00000188483	IER5L
peak_0099	chr9	131940298	131940600	632	ENSG00000204055	RP11-247A12.2
peak_0100	chr15	66796962	66797177	631	ENSG00000174444	RPL4
peak_0101	chr17	73775612	73776000	629	ENSG00000132475	H3F3B
peak_0103	chr15	93443418	93443719	622	ENSG00000173575	CHD2
peak_0104	chr6	26124242	26124653	621	ENSG00000180573	HIST1H2AC
peak_0105	chr9	75766725	75767174	621	ENSG00000135046	ANXA1
peak_0106	chr13	111365479	111365750	618	ENSG00000134905	CARS2
peak_0106	chr13	111365479	111365750	618	ENSG00000153487	ING1
peak_0107	chr14	20811361	20811639	614	ENSG00000259001	RPPH1
peak_0108	chr6	27860795	27861105	613	ENSG00000197153	HIST1H3J
peak_0108	chr6	27860795	27861105	613	ENSG00000233224	HIST1H2AM
peak_0109	chr1	45196193	45197055	613	ENSG00000200169	RNU5D-1
peak_0110	chr9	19380099	19380262	610	ENSG00000137154	RPS6
peak_0111	chr19	13265611	13266892	607	ENSG00000160888	IER2
peak_0112	chr6	26031920	26032501	607	ENSG00000124693	HIST1H3B
peak_0113	chr11	65201455	65201945	607	ENSG00000245532	NEAT1
peak_0114	chr2	47403405	47403703	605	ENSG00000273269	RP11-761B3.1
peak_0114	chr2	47403405	47403703	605	ENSG00000143933	CALM2
peak_0115	chr17	7482549	7483009	599	ENSG00000264772	SNORA67
peak_0115	chr17	7482549	7483009	599	ENSG00000129226	CD68
peak_0116	chr14	70233788	70233978	597	ENSG00000100650	SRSF5
peak_0117	chrX	41209785	41210186	595	ENSG00000215301	DDX3X
peak_0118	chr6	134495517	134496062	594	ENSG00000118515	SGK1
peak_0119	chr12	52449841	52451939	594	ENSG00000123358	NR4A1
peak_0120	chr14	20937539	20937730	591	ENSG00000198805	PNP
peak_0121	chr6	30710702	30711307	591	ENSG00000272273	XXbac-BPG252P9.10
peak_0121	chr6	30710702	30711307	591	ENSG00000137331	IER3
peak_0123	chr1	181057745	181058091	591	ENSG00000162783	IER5
peak_0124	chr12	52445162	52448508	586	ENSG00000123358	NR4A1
peak_0125	chr11	65190110	65199314	585	ENSG00000245532	NEAT1
peak_0127	chr15	60689287	60689547	584	ENSG00000182718	ANXA2
peak_0128	chr11	93517031	93517635	584	ENSG00000166012	TAF1D
peak_0128	chr11	93517031	93517635	584	ENSG00000042429	MED17
peak_0129	chr6	26104097	26104348	583	ENSG00000197061	HIST1H4C
peak_0130	chr11	65202797	65204576	579	ENSG00000245532	NEAT1
peak_0131	chr12	56435676	56436280	578	ENSG00000197728	RPS26
peak_0132	chr19	13944601	13945602	571	ENSG00000267519	MIR24-2
peak_0133	chr1	119683127	119683279	562	ENSG00000116874	WARS2
peak_0133	chr1	119683127	119683279	562	ENSG00000231365	RP11-418J17.1
peak_0134	chr6	27100259	27100863	560	ENSG00000124635	HIST1H2BJ
peak_0134	chr6	27100259	27100863	560	ENSG00000196787	HIST1H2AG
peak_0135	chr9	124498953	124499557	560	ENSG00000136848	DAB2IP
peak_0136	chr12	125398934	125399337	560	ENSG00000150991	UBC
peak_0137	chr12	53298754	53298962	559	ENSG00000170421	KRT8
peak_0138	chr1	151965307	151965699	559	ENSG00000197747	S100A10
peak_0140	chr1	210547249	210547700	558	ENSG00000054392	HHAT
peak_0140	chr1	210547249	210547700	558	ENSG00000200972	RNU5A-8P
peak_0141	chr10	43903146	43903380	555	ENSG00000169813	HNRNPF
peak_0142	chr2	70520403	70521007	554	ENSG00000143977	SNRPG
peak_0143	chrX	77359689	77359944	553	ENSG00000102144	PGK1
peak_0145	chr11	65268894	65270052	549	ENSG00000251562	MALAT1
peak_0146	chr17	61904395	61904598	548	ENSG00000108592	FTSJ3
peak_0146	chr17	61904395	61904598	548	ENSG00000087191	PSMC5
peak_0147	chr19	51307630	51307949	544	ENSG00000167747	C19orf48
peak_0148	chr1	149859305	149859522	543	ENSG00000184270	HIST2H2AB
peak_0148	chr1	149859305	149859522	543	ENSG00000178096	BOLA1
peak_0149	chr11	65208262	65209153	541	ENSG00000245532	NEAT1
peak_0150	chr2	232571916	232572074	540	ENSG00000187514	PTMA
peak_0151	chr15	69745038	69745220	538	ENSG00000137818	RPLP1
peak_0152	chr5	122847304	122847908	538	ENSG00000151292	CSNK1G3
peak_0153	chr3	23958350	23958954	537	ENSG00000197885	NKIRAS1
peak_0153	chr3	23958350	23958954	537	ENSG00000174748	RPL15
peak_0154	chr20	30194001	30195750	536	ENSG00000125968	ID1
peak_0154	chr20	30194001	30195750	536	ENSG00000264395	MIR3193
peak_0155	chr12	46766294	46766612	533	ENSG00000134294	SLC38A2
peak_0155	chr12	46766294	46766612	533	ENSG00000258096	RP11-474P2.2
peak_0156	chr7	99063707	99063983	531	ENSG00000106246	PTCD1
peak_0156	chr7	99063707	99063983	531	ENSG00000248919	ATP5J2-PTCD1
peak_0156	chr7	99063707	99063983	531	ENSG00000241468	ATP5J2
peak_0157	chr9	140138172	140139214	530	ENSG00000188163	FAM166A
peak_0158	chr11	65270080	65275455	530	ENSG00000251562	MALAT1
peak_0160	chr6	26156377	26157077	526	ENSG00000168298	HIST1H1E
peak_0161	chr16	31191191	31191795	526	ENSG00000089280	FUS
peak_0162	chr1	150549543	150549698	525	ENSG00000143384	MCL1
peak_0163	chr20	43882781	43883385	523	ENSG00000124107	SLPI
peak_0164	chr1	146556094	146556322	523	ENSG00000227242	NBPF13P
peak_0165	chr19	39899560	39899850	522	ENSG00000128016	ZFP36
peak_0166	chr11	65200496	65200736	522	ENSG00000245532	NEAT1
peak_0167	chr6	27100688	27101044	521	ENSG00000196787	HIST1H2AG
peak_0168	chr12	14923798	14924109	520	ENSG00000197837	HIST4H4
peak_0169	chr1	45987395	45987695	518	ENSG00000117450	PRDX1
peak_0170	chr1	153507992	153508272	516	ENSG00000197956	S100A6
peak_0171	chr17	43225785	43226127	516	ENSG00000186834	HEXIM1
peak_0172	chrX	2171314	2171465	515	ENSG00000169084	DHRSX
peak_0173	chr6	30709622	30710365	514	ENSG00000137312	FLOT1
peak_0174	chr1	201979677	201979917	513	ENSG00000163435	ELF3
peak_0175	chr9	136215022	136215321	513	ENSG00000148303	RPL7A
peak_0176	chr1	151371659	151372263	511	ENSG00000159377	PSMB4
peak_0177	chr11	65211731	65214631	507	ENSG00000245532	NEAT1
peak_0178	chr19	39897902	39898172	505	ENSG00000128016	ZFP36
peak_0179	chr5	32768052	32768656	505	ENSG00000113389	NPR3
peak_0180	chr1	149858061	149858719	505	ENSG00000184678	HIST2H2BE
peak_0180	chr1	149858061	149858719	505	ENSG00000184260	HIST2H2AC
peak_0182	chr15	72523221	72523609	504	ENSG00000067225	PKM
peak_0184	chr19	11546008	11546612	502	ENSG00000198003	CCDC151
peak_0184	chr19	11546008	11546612	502	ENSG00000130175	PRKCSH
peak_0185	chr6	26157159	26158591	500	ENSG00000168298	HIST1H1E
peak_0185	chr6	26157159	26158591	500	ENSG00000158373	HIST1H2BD
peak_0186	chr13	45010785	45010998	499	ENSG00000102804	TSC22D1
peak_0188	chr19	15939966	15940188	498	ENSG00000267308	AC004510.3
peak_0188	chr19	15939966	15940188	498	ENSG00000214049	UCA1
peak_0189	chr11	34126934	34127265	496	ENSG00000135372	NAT10
peak_0190	chr10	65028640	65029244	496	ENSG00000171988	JMJD1C
peak_0191	chr11	65190110	65199314	496	ENSG00000245532	NEAT1
peak_0195	chr6	26027255	26027535	494	ENSG00000124529	HIST1H4B
peak_0196	chr6	33239686	33240290	492	ENSG00000223501	VPS52
peak_0196	chr6	33239686	33240290	492	ENSG00000231500	RPS18
peak_0199	chr19	49375568	49375875	491	ENSG00000087074	PPP1R15A
peak_0200	chr1	156093498	156093799	491	ENSG00000160789	LMNA
peak_0201	chr15	60685196	60685380	490	ENSG00000182718	ANXA2
peak_0202	chr1	152020205	152020809	490	ENSG00000163191	S100A11
peak_0203	chr11	61129215	61129388	489	ENSG00000162144	CYB561A3
peak_0204	chr9	140135614	140135811	489	ENSG00000188229	TUBB4B
peak_0205	chr5	147763315	147763470	488	ENSG00000247199	RP11-373N22.3
peak_0206	chr10	112264287	112264625	488	ENSG00000138166	DUSP5
peak_0207	chr12	52445162	52448508	487	ENSG00000123358	NR4A1
peak_0209	chr6	86388218	86388553	487	ENSG00000203875	SNHG5
peak_0210	chr17	16342251	16342593	486	ENSG00000175061	C17orf76-AS1
peak_0212	chr9	127420407	127421011	485	ENSG00000148200	NR6A1
peak_0212	chr9	127420407	127421011	485	ENSG00000224020	MIR181A2HG
peak_0213	chr22	29195380	29195984	484	ENSG00000100219	XBP1
peak_0214	chr12	52449841	52451906	484	ENSG00000123358	NR4A1
peak_0215	chr6	27860885	27861489	484	ENSG00000233224	HIST1H2AM
peak_0215	chr6	27860885	27861489	484	ENSG00000196331	HIST1H2BO
peak_0216	chr5	43514862	43515466	482	ENSG00000172244	C5orf34
peak_0216	chr5	43514862	43515466	482	ENSG00000248554	RP11-159F24.6
peak_0216	chr5	43514862	43515466	482	ENSG00000248240	RP11-159F24.5
peak_0217	chr15	65588198	65588970	482	ENSG00000138617	PARP16
peak_0217	chr15	65588198	65588970	482	ENSG00000199568	RNU5A-1
peak_0218	chr12	53343546	53343846	481	ENSG00000170421	KRT8
peak_0218	chr12	53343546	53343846	481	ENSG00000111057	KRT18
peak_0219	chr10	74033711	74033884	480	ENSG00000168209	DDIT4
peak_0220	chr8	125486349	125486953	478	ENSG00000245149	RNF139-AS1
peak_0221	chr14	81685679	81685844	475	ENSG00000165417	GTF2A1
peak_0222	chr19	54704605	54704868	474	ENSG00000170889	RPS9
peak_0223	chr3	186287769	186288373	473	ENSG00000113838	TBCCD1
peak_0223	chr3	186287769	186288373	473	ENSG00000090520	DNAJB11
peak_0224	chr17	7482549	7483017	473	ENSG00000264772	SNORA67
peak_0224	chr17	7482549	7483017	473	ENSG00000129226	CD68
peak_0225	chr6	133135632	133135830	473	ENSG00000112306	RPS12
peak_0226	chr1	35658463	35659067	473	ENSG00000116560	SFPQ
peak_0227	chr12	120730779	120731022	470	ENSG00000200795	RNU4-1
peak_0228	chr6	26285513	26285790	469	ENSG00000158406	HIST1H4H
peak_0229	chr1	145507392	145507996	465	ENSG00000234222	RP11-315I20.1
peak_0229	chr1	145507392	145507996	465	ENSG00000131795	RBM8A
peak_0230	chrX	135962513	135963117	465	ENSG00000147274	RBMX
peak_0231	chr17	8286145	8286749	465	ENSG00000263809	RP11-849F2.7
peak_0231	chr17	8286145	8286749	465	ENSG00000161970	RPL26
peak_0232	chr3	156878012	156878372	465	ENSG00000163660	CCNL1
peak_0233	chrX	16737319	16737923	464	ENSG00000169895	SYAP1
peak_0234	chr3	169482699	169482874	464	ENSG00000270141	TERC
peak_0235	chr1	51435581	51436185	464	ENSG00000123080	CDKN2C
peak_0236	chr20	32580465	32581069	462	ENSG00000228265	RP5-1125A11.1
peak_0237	chr1	207502123	207502835	462	ENSG00000196352	CD55
peak_0238	chr12	92539500	92539690	462	ENSG00000133639	BTG1
peak_0238	chr12	92539500	92539690	462	ENSG00000245904	RP11-796E2.4
peak_0239	chr12	54681228	54681832	462	ENSG00000258344	RP11-968A15.8
peak_0240	chr11	65266305	65268798	459	ENSG00000251562	MALAT1
peak_0242	chr11	65204953	65205761	457	ENSG00000245532	NEAT1
peak_0243	chr20	49574721	49575325	456	ENSG00000000419	DPM1
peak_0244	chr17	72199790	72199989	454	ENSG00000172809	RPL38
peak_0245	chr1	155903845	155904449	454	ENSG00000132680	KIAA0907
peak_0246	chr11	65190110	65199314	452	ENSG00000245532	NEAT1
peak_0247	chr11	61730097	61732003	452	ENSG00000167995	BEST1
peak_0247	chr11	61730097	61732003	452	ENSG00000167996	FTH1
peak_0248	chr5	179050267	179050871	452	ENSG00000169045	HNRNPH1
peak_0249	chr6	31783247	31783529	452	ENSG00000204390	HSPA1L
peak_0249	chr6	31783247	31783529	452	ENSG00000204389	HSPA1A
peak_0250	chr17	61904600	61904834	448	ENSG00000108592	FTSJ3
peak_0250	chr17	61904600	61904834	448	ENSG00000087191	PSMC5
peak_0251	chr14	75746623	75749603	448	ENSG00000170345	FOS
peak_0252	chr1	149858061	149858719	447	ENSG00000184678	HIST2H2BE
peak_0252	chr1	149858061	149858719	447	ENSG00000184260	HIST2H2AC
peak_0254	chr10	112260591	112261113	446	ENSG00000138166	DUSP5
peak_0255	chr19	40502395	40502999	443	ENSG00000187187	ZNF546
peak_0257	chr1	78470044	78470648	443	ENSG00000162616	DNAJB4
peak_0257	chr1	78470044	78470648	443	ENSG00000137960	GIPC2
peak_0257	chr1	78470044	78470648	443	ENSG00000273338	RP11-386I14.4
peak_0258	chr4	100871067	100871671	442	ENSG00000164032	H2AFZ
peak_0258	chr4	100871067	100871671	442	ENSG00000245322	RP11-15B17.1
peak_0259	chr19	12902168	12902650	442	ENSG00000095066	HOOK2
peak_0259	chr19	12902168	12902650	442	ENSG00000171223	JUNB
peak_0262	chr1	159851601	159852205	440	ENSG00000213085	CCDC19
peak_0263	chr12	52448647	52449679	440	ENSG00000123358	NR4A1
peak_0264	chr17	4847968	4848572	440	ENSG00000108523	RNF167
peak_0265	chr14	21737228	21737832	439	ENSG00000092199	HNRNPC
peak_0267	chr10	103124461	103124818	436	ENSG00000166167	BTRC
peak_0267	chr10	103124461	103124818	436	ENSG00000222414	RNU2-59P
peak_0268	chr16	31085329	31085933	435	ENSG00000167394	ZNF668
peak_0268	chr16	31085329	31085933	435	ENSG00000167395	ZNF646
peak_0269	chr12	49075821	49076064	435	ENSG00000139620	KANSL2
peak_0270	chr17	27621009	27621215	434	ENSG00000108256	NUFIP2
peak_0271	chr14	75745381	75745879	433	ENSG00000170345	FOS
peak_0272	chr17	73150518	73150748	433	ENSG00000189159	HN1
peak_0273	chr5	90678777	90679381	432	ENSG00000113369	ARRDC3
peak_0274	chr19	55897125	55897342	432	ENSG00000108107	RPL28
peak_0275	chr3	12882883	12883093	431	ENSG00000144712	CAND2
peak_0275	chr3	12882883	12883093	431	ENSG00000144713	RPL32
peak_0276	chr2	27543853	27544457	431	ENSG00000115204	MPV17
peak_0277	chr19	45971289	45971498	431	ENSG00000012061	ERCC1
peak_0277	chr19	45971289	45971498	431	ENSG00000125740	FOSB
peak_0278	chr6	26216727	26216985	430	ENSG00000187990	HIST1H2BG
peak_0280	chr1	179923442	179924046	428	ENSG00000260360	RP11-533E19.5
peak_0280	chr1	179923442	179924046	428	ENSG00000135837	CEP350
peak_0281	chr6	36561922	36562526	426	ENSG00000112081	SRSF3
peak_0282	chr3	156878253	156878857	425	ENSG00000163660	CCNL1
peak_0283	chr11	65211731	65214631	425	ENSG00000245532	NEAT1
peak_0284	chr16	56642482	56642835	425	ENSG00000125148	MT2A
peak_0285	chr1	207506587	207506764	424	ENSG00000196352	CD55
peak_0288	chr19	1261592	1262196	424	ENSG00000099622	CIRBP
peak_0289	chr19	50083386	50083990	424	ENSG00000142546	NOSIP
peak_0289	chr19	50083386	50083990	424	ENSG00000126460	PRRG2
peak_0290	chr6	27777531	27778135	423	ENSG00000203813	HIST1H3H
peak_0292	chr15	66161486	66161652	422	ENSG00000103769	RAB11A
peak_0293	chr11	9596713	9597317	422	ENSG00000166483	WEE1
peak_0294	chr19	49954812	49955416	421	ENSG00000104872	PIH1D1
peak_0295	chr14	75746623	75749603	420	ENSG00000170345	FOS
peak_0296	chr2	88927213	88927817	420	ENSG00000234028	AC062029.1
peak_0298	chr11	85955559	85956163	418	ENSG00000074266	EED
peak_0299	chr11	10830365	10830969	418	ENSG00000110321	EIF4G2
peak_0299	chr11	10830365	10830969	418	ENSG00000246308	RP11-685M7.3
peak_0302	chr8	74205516	74206120	417	ENSG00000147604	RPL7
peak_0303	chr10	91403620	91404224	417	ENSG00000152782	PANK1
peak_0304	chr12	52445162	52448508	417	ENSG00000123358	NR4A1
peak_0306	chr9	130331963	130332567	416	ENSG00000136830	FAM129B
peak_0307	chr1	25573767	25573928	416	ENSG00000117616	C1orf63
peak_0308	chr6	34855632	34856236	416	ENSG00000064995	TAF11
peak_0309	chr1	192777953	192778557	415	ENSG00000116741	RGS2
peak_0311	chr1	228645290	228645894	415	ENSG00000181218	HIST3H2A
peak_0311	chr1	228645290	228645894	415	ENSG00000196890	HIST3H2BB
peak_0312	chr20	48782388	48782992	415	ENSG00000237595	RP11-112L6.3
peak_0312	chr20	48782388	48782992	415	ENSG00000234698	RP11-112L6.2
peak_0313	chr1	179846588	179847192	414	ENSG00000169905	TOR1AIP2
peak_0315	chr19	16295936	16296540	413	ENSG00000105058	FAM32A
peak_0318	chr1	93297363	93297967	412	ENSG00000122406	RPL5
peak_0319	chr9	136219361	136219965	411	ENSG00000148290	SURF1
peak_0320	chr1	149223545	149224253	411	ENSG00000206737	RNVU1-18
peak_0321	chr1	110576871	110577475	411	ENSG00000143093	STRIP1
peak_0322	chr16	18812506	18813110	410	ENSG00000260342	RP11-1035H13.3
peak_0322	chr16	18812506	18813110	410	ENSG00000170540	ARL6IP1
peak_0323	chr19	19626867	19627018	410	ENSG00000186010	NDUFA13
peak_0324	chr6	32939905	32940240	410	ENSG00000204256	BRD2
peak_0324	chr6	32939905	32940240	410	ENSG00000263756	XXbac-BPG181M17.6
peak_0325	chr20	44563106	44563359	410	ENSG00000100982	PCIF1
peak_0326	chr17	16189378	16189982	409	ENSG00000108474	PIGL
peak_0327	chr15	72766194	72766347	409	ENSG00000261423	RP11-1007O24.3
peak_0328	chr12	8088611	8088810	409	ENSG00000059804	SLC2A3
peak_0329	chr12	52449841	52451906	408	ENSG00000123358	NR4A1
peak_0330	chr11	65190110	65199314	408	ENSG00000245532	NEAT1
peak_0331	chr1	22109812	22109963	407	ENSG00000090686	USP48
peak_0332	chr20	42086264	42086868	407	ENSG00000124193	SRSF6
peak_0333	chr16	56643438	56644309	407	ENSG00000260823	RP11-249C24.10
peak_0334	chr1	156630986	156631229	407	ENSG00000229953	RP11-284F21.7
peak_0335	chr14	69014233	69014837	406	ENSG00000182185	RAD51B
peak_0336	chrX	153626463	153627067	406	ENSG00000147403	RPL10
peak_0338	chr18	3261176	3261780	406	ENSG00000264235	RP13-270P17.1
peak_0339	chr1	45272801	45273405	406	ENSG00000188396	TCTEX1D4
peak_0340	chr4	119199688	119200292	405	ENSG00000269893	SNHG8
peak_0341	chr11	61730097	61732003	404	ENSG00000167995	BEST1
peak_0341	chr11	61730097	61732003	404	ENSG00000167996	FTH1
peak_0342	chr20	30192119	30193800	404	ENSG00000125968	ID1
peak_0343	chr19	11199846	11200450	404	ENSG00000130164	LDLR
peak_0344	chr20	30192119	30193800	403	ENSG00000125968	ID1
peak_0345	chr11	8703994	8704252	403	ENSG00000166441	RPL27A
peak_0346	chr12	13349668	13349876	402	ENSG00000134531	EMP1
peak_0347	chr1	152009223	152009499	401	ENSG00000229021	NBPF18P
peak_0347	chr1	152009223	152009499	401	ENSG00000163191	S100A11
peak_0348	chr17	56736198	56736843	400	ENSG00000121101	TEX14
peak_0348	chr17	56736198	56736843	400	ENSG00000202077	RNU1-60P
peak_0349	chrX	115593696	115594300	399	ENSG00000204019	CXorf61
peak_0350	chr15	75932241	75932845	398	ENSG00000177971	IMP3
peak_0351	chr11	62623091	62623491	398	ENSG00000255717	SNHG1
peak_0352	chrX	71496686	71497290	398	ENSG00000102309	PIN4
peak_0352	chrX	71496686	71497290	398	ENSG00000198034	RPS4X
peak_0353	chr12	56551987	56552591	398	ENSG00000257809	RP11-603J24.14
peak_0353	chr12	56551987	56552591	398	ENSG00000196465	MYL6B
peak_0353	chr12	56551987	56552591	398	ENSG00000092841	MYL6
peak_0354	chr9	131446298	131446902	397	ENSG00000119335	SET
peak_0355	chr11	28131635	28132239	396	ENSG00000169519	METTL15
peak_0356	chr1	111506097	111506701	396	ENSG00000121931	LRIF1
peak_0356	chr1	111506097	111506701	396	ENSG00000273010	RP11-96K19.5
peak_0357	chr12	52451800	52452387	396	ENSG00000123358	NR4A1
peak_0357	chr12	52451800	52452387	396	ENSG00000259884	RP11-1100L3.8
peak_0358	chr11	62358723	62359327	396	ENSG00000255508	MIR3654
peak_0358	chr11	62358723	62359327	396	ENSG00000149016	TUT1
peak_0359	chr5	102455152	102455756	395	ENSG00000145723	GIN1
peak_0361	chr1	181059002	181059606	395	ENSG00000162783	IER5
peak_0362	chr6	27114716	27115094	394	ENSG00000184825	HIST1H2AH
peak_0363	chr15	66797044	66797648	393	ENSG00000174444	RPL4
peak_0363	chr15	66797044	66797648	393	ENSG00000174442	ZWILCH
peak_0364	chr1	76251652	76252256	393	ENSG00000117054	ACADM
peak_0364	chr1	76251652	76252256	393	ENSG00000137955	RABGGTB
peak_0365	chr6	10415256	10415860	393	ENSG00000137203	TFAP2A
peak_0365	chr6	10415256	10415860	393	ENSG00000229950	TFAP2A-AS1
peak_0368	chr11	9482535	9482881	391	ENSG00000166478	ZNF143
peak_0369	chr5	149828928	149829532	391	ENSG00000164587	RPS14
peak_0370	chr1	70876668	70877272	391	ENSG00000116761	CTH
peak_0371	chr12	52445162	52448508	391	ENSG00000123358	NR4A1
peak_0372	chr19	12903832	12904883	391	ENSG00000095066	HOOK2
peak_0372	chr19	12903832	12904883	391	ENSG00000171223	JUNB
peak_0373	chrX	100645980	100646137	391	ENSG00000241343	RPL36A
peak_0373	chrX	100645980	100646137	391	ENSG00000257529	RPL36A-HNRNPH2
peak_0374	chr1	45240972	45241576	390	ENSG00000225721	RP11-269F19.2
peak_0374	chr1	45240972	45241576	390	ENSG00000142937	RPS8
peak_0374	chr1	45240972	45241576	390	ENSG00000264294	SNORD55
peak_0376	chr3	112359797	112360401	390	ENSG00000091986	CCDC80
peak_0377	chr11	76155332	76155936	390	ENSG00000255135	RP11-111M22.3
peak_0378	chr17	27621039	27621643	390	ENSG00000108256	NUFIP2
peak_0379	chr3	197676829	197677433	389	ENSG00000114473	IQCG
peak_0379	chr3	197676829	197677433	389	ENSG00000182899	RPL35A
peak_0380	chr16	2010747	2011351	389	ENSG00000140990	NDUFB10
peak_0381	chr3	185655591	185655818	389	ENSG00000136527	TRA2B
peak_0383	chr5	59064087	59064691	388	ENSG00000113448	PDE4D
peak_0386	chr12	13254754	13255358	387	ENSG00000084444	KIAA1467
peak_0386	chr12	13254754	13255358	387	ENSG00000111305	GSG1
peak_0389	chr5	94416996	94417600	386	ENSG00000175471	MCTP1
peak_0390	chr15	58624255	58624859	386	ENSG00000128918	ALDH1A2
peak_0393	chr11	8710311	8710562	382	ENSG00000166441	RPL27A
peak_0395	chr11	18343322	18343926	381	ENSG00000110756	HPS5
peak_0395	chr11	18343322	18343926	381	ENSG00000110768	GTF2H1
peak_0396	chr15	72521045	72521649	380	ENSG00000067225	PKM
peak_0397	chr1	153506123	153506277	380	ENSG00000238279	BX470102.3
peak_0398	chr16	56643438	56644309	380	ENSG00000260823	RP11-249C24.10
peak_0399	chr15	72523918	72524522	380	ENSG00000067225	PKM
peak_0401	chr17	27052453	27052635	379	ENSG00000160606	TLCD1
peak_0402	chr11	10326431	10327035	379	ENSG00000148926	ADM
peak_0403	chr17	72206532	72207136	379	ENSG00000172809	RPL38
peak_0403	chr17	72206532	72207136	379	ENSG00000246731	CTD-2514K5.2
peak_0404	chr17	6544135	6544739	379	ENSG00000198920	KIAA0753
peak_0404	chr17	6544135	6544739	379	ENSG00000129235	TXNDC17
peak_0405	chr1	28908060	28908664	379	ENSG00000197989	SNHG12
peak_0407	chr3	186501237	186501665	378	ENSG00000263826	RP11-573D15.9
peak_0407	chr3	186501237	186501665	378	ENSG00000156976	EIF4A2
peak_0408	chr5	271454	272058	378	ENSG00000248925	CTD-2083E4.6
peak_0408	chr5	271454	272058	378	ENSG00000249915	PDCD6
peak_0409	chr15	50716436	50717040	377	ENSG00000138592	USP8
peak_0410	chr17	37009669	37010273	377	ENSG00000125691	RPL23
peak_0411	chr20	30194001	30195750	376	ENSG00000125968	ID1
peak_0411	chr20	30194001	30195750	376	ENSG00000264395	MIR3193
peak_0413	chr6	24720662	24721266	375	ENSG00000112308	C6orf62
peak_0415	chr1	39491829	39492433	374	ENSG00000168653	NDUFS5
peak_0416	chr12	49659256	49659408	374	ENSG00000167553	TUBA1C
peak_0416	chr12	49659256	49659408	374	ENSG00000258232	RP11-161H23.5
peak_0417	chr5	43484003	43484243	374	ENSG00000249492	RP11-159F24.3
peak_0418	chr9	74763976	74764580	373	ENSG00000119125	GDA
peak_0419	chr17	39848086	39848690	373	ENSG00000173801	JUP
peak_0419	chr17	39848086	39848690	373	ENSG00000173812	EIF1
peak_0421	chr11	71822939	71823543	372	ENSG00000110200	ANAPC15
peak_0422	chr11	27528191	27528795	372	ENSG00000148943	LIN7C
peak_0422	chr11	27528191	27528795	372	ENSG00000245573	BDNF-AS
peak_0423	chr17	38443901	38444505	372	ENSG00000094804	CDC6
peak_0424	chr11	65201824	65202433	372	ENSG00000245532	NEAT1
peak_0425	chr9	131938267	131938871	372	ENSG00000188483	IER5L
peak_0425	chr9	131938267	131938871	372	ENSG00000268050	RP11-247A12.8
peak_0426	chr11	61559376	61559980	372	ENSG00000134825	TMEM258
peak_0426	chr11	61559376	61559980	372	ENSG00000207601	MIR611
peak_0427	chr1	202558104	202558708	372	ENSG00000077157	PPP1R12B
peak_0428	chr15	93443501	93444105	372	ENSG00000173575	CHD2
peak_0429	chr11	75273482	75274086	372	ENSG00000149257	SERPINH1
peak_0430	chr19	15946702	15947306	372	ENSG00000214049	UCA1
peak_0431	chr12	49658778	49659009	372	ENSG00000167553	TUBA1C
peak_0431	chr12	49658778	49659009	372	ENSG00000258232	RP11-161H23.5
peak_0432	chrX	12993197	12993400	371	ENSG00000205542	TMSB4X
peak_0433	chr6	35435933	35436537	371	ENSG00000198755	RPL10A
peak_0434	chr2	85772798	85773349	371	ENSG00000115486	GGCX
peak_0435	chr9	133454104	133454708	371	ENSG00000107164	FUBP3
peak_0436	chr10	79793328	79793932	371	ENSG00000138326	RPS24
peak_0437	chr9	75766725	75767250	371	ENSG00000135046	ANXA1
peak_0438	chr2	74153740	74154344	371	ENSG00000114956	DGUOK
peak_0439	chr20	37063647	37064251	370	ENSG00000196756	SNHG17
peak_0440	chr3	48514118	48514722	370	ENSG00000164054	SHISA5
peak_0441	chr6	26204994	26205187	369	ENSG00000198518	HIST1H4E
peak_0442	chr12	6980752	6981356	369	ENSG00000111671	SPSB2
peak_0443	chr17	39834731	39835183	369	ENSG00000173801	JUP
peak_0444	chr21	44835528	44836132	369	ENSG00000142178	SIK1
peak_0445	chr7	115851207	115851811	369	ENSG00000135269	TES
peak_0446	chr11	66405882	66406486	368	ENSG00000248643	RBM14-RBM4
peak_0446	chr11	66405882	66406486	368	ENSG00000173933	RBM4
peak_0447	chr18	47018485	47019089	368	ENSG00000265681	RPL17
peak_0448	chr5	170814805	170814961	368	ENSG00000181163	NPM1
peak_0449	chr16	3070314	3070918	368	ENSG00000006327	TNFRSF12A
peak_0450	chr16	14726224	14726828	368	ENSG00000140694	PARN
peak_0450	chr16	14726224	14726828	368	ENSG00000103429	BFAR
peak_0451	chr1	145382703	145383238	368	ENSG00000201558	RNVU1-6
peak_0452	chr11	85375839	85376443	367	ENSG00000137504	CREBZF
peak_0453	chr12	112847012	112847616	367	ENSG00000089009	RPL6
peak_0454	chr2	88315615	88316229	367	ENSG00000222724	RNU2-63P
peak_0455	chr11	28129259	28129863	367	ENSG00000121621	KIF18A
peak_0455	chr11	28129259	28129863	367	ENSG00000169519	METTL15
peak_0456	chr6	30712166	30712403	366	ENSG00000137331	IER3
peak_0457	chr1	207506809	207507002	366	ENSG00000196352	CD55
peak_0458	chr6	26020559	26020932	366	ENSG00000198366	HIST1H3A
peak_0459	chr9	74980162	74980766	366	ENSG00000107372	ZFAND5
peak_0460	chr11	65190110	65199314	365	ENSG00000245532	NEAT1
peak_0462	chr9	116037745	116038349	364	ENSG00000176386	CDC26
peak_0462	chr9	116037745	116038349	364	ENSG00000136875	PRPF4
peak_0463	chr22	46465369	46465973	363	ENSG00000197182	FLJ27365
peak_0463	chr22	46465369	46465973	363	ENSG00000235159	RP6-109B7.4
peak_0464	chr2	43823069	43823673	362	ENSG00000115970	THADA
peak_0465	chr19	50093462	50094066	362	ENSG00000142546	NOSIP
peak_0465	chr19	50093462	50094066	362	ENSG00000126460	PRRG2
peak_0467	chr1	59249535	59249688	361	ENSG00000177606	JUN
peak_0468	chr14	81685720	81686324	360	ENSG00000165417	GTF2A1
peak_0470	chr12	122240599	122241203	360	ENSG00000139725	RHOF
peak_0470	chr12	122240599	122241203	360	ENSG00000212694	AC084018.1
peak_0471	chr1	153939390	153939994	360	ENSG00000143570	SLC39A1
peak_0471	chr1	153939390	153939994	360	ENSG00000273026	RP11-422P24.10
peak_0472	chr10	70091555	70092159	359	ENSG00000108187	PBLD
peak_0472	chr10	70091555	70092159	359	ENSG00000096746	HNRNPH3
peak_0473	chr12	57039443	57040047	359	ENSG00000110955	ATP5B
peak_0474	chr8	40010856	40011460	359	ENSG00000176907	C8orf4
peak_0475	chr12	13044394	13044609	358	ENSG00000013588	GPRC5A
peak_0476	chr3	49058805	49059040	358	ENSG00000178149	DALRD3
peak_0476	chr3	49058805	49059040	358	ENSG00000178057	NDUFAF3
peak_0477	chr1	109642764	109643033	358	ENSG00000270066	SCARNA2
peak_0479	chr17	8023979	8024583	357	ENSG00000179111	HES7
peak_0480	chr11	93517233	93517837	356	ENSG00000166012	TAF1D
peak_0480	chr11	93517233	93517837	356	ENSG00000042429	MED17
peak_0481	chr1	207508928	207509532	356	ENSG00000196352	CD55
peak_0482	chr1	59246398	59247002	356	ENSG00000177606	JUN
peak_0483	chr14	75745863	75746718	355	ENSG00000170345	FOS
peak_0484	chr19	59070522	59071126	355	ENSG00000267858	AC016629.8
peak_0485	chr5	132387106	132387710	355	ENSG00000170606	HSPA4
peak_0486	chr7	73245091	73245695	354	ENSG00000189143	CLDN4
peak_0488	chr16	22309493	22310097	354	ENSG00000058600	POLR3E
peak_0489	chr19	289981	290585	354	ENSG00000141934	PPAP2C
peak_0490	chr17	74553620	74554224	354	ENSG00000267546	RP11-666A8.8
peak_0490	chr17	74553620	74554224	354	ENSG00000163597	SNHG16
peak_0491	chr11	82782906	82783510	354	ENSG00000137502	RAB30
peak_0491	chr11	82782906	82783510	354	ENSG00000246067	RAB30-AS1
peak_0491	chr11	82782906	82783510	354	ENSG00000255503	RP11-113K21.4
peak_0492	chr7	45025900	45026504	353	ENSG00000232956	SNHG15
peak_0493	chr17	57915471	57915903	353	ENSG00000062716	VMP1
peak_0495	chr1	147735699	147736303	352	ENSG00000199879	RNU1-120P
peak_0496	chr7	112090283	112090887	352	ENSG00000006652	IFRD1
peak_0497	chr1	155196828	155197432	351	ENSG00000160766	GBAP1
peak_0498	chr3	101280481	101281085	351	ENSG00000174173	TRMT10C
peak_0499	chr1	159893919	159894523	350	ENSG00000158710	TAGLN2
peak_0500	chrX	153629525	153629679	349	ENSG00000147403	RPL10
peak_0500	chrX	153629525	153629679	349	ENSG00000013563	DNASE1L1
peak_0501	chr12	54673125	54673729	349	ENSG00000094916	CBX5
peak_0501	chr12	54673125	54673729	349	ENSG00000258344	RP11-968A15.8
peak_0502	chr17	56708714	56709380	349	ENSG00000121101	TEX14
peak_0502	chr17	56708714	56709380	349	ENSG00000212195	U3
peak_0503	chr1	153517932	153518536	349	ENSG00000196154	S100A4
peak_0504	chr17	30676913	30677517	348	ENSG00000265794	RP11-227G15.3
peak_0504	chr17	30676913	30677517	348	ENSG00000108666	C17orf75
peak_0504	chr17	30676913	30677517	348	ENSG00000207928	MIR632
peak_0504	chr17	30676913	30677517	348	ENSG00000010244	ZNF207
peak_0505	chr15	91260207	91260361	348	ENSG00000259736	RP11-387D10.2
peak_0506	chr17	33288289	33288893	348	ENSG00000132141	CCT6B
peak_0506	chr17	33288289	33288893	348	ENSG00000198783	ZNF830
peak_0507	chr2	677223	677827	348	ENSG00000151353	TMEM18
peak_0507	chr2	677223	677827	348	ENSG00000233296	AC092159.2
peak_0509	chr6	26271375	26271656	347	ENSG00000256018	HIST1H3G
peak_0513	chr1	156092490	156093094	346	ENSG00000160789	LMNA
peak_0516	chr2	101618497	101619101	345	ENSG00000223947	AC016738.4
peak_0516	chr2	101618497	101619101	345	ENSG00000071082	RPL31
peak_0518	chr12	115121647	115122251	345	ENSG00000135111	TBX3
peak_0519	chr11	3147512	3148116	345	ENSG00000021762	OSBPL5
peak_0520	chr16	18801398	18802002	345	ENSG00000134419	RPS15A
peak_0520	chr16	18801398	18802002	345	ENSG00000260342	RP11-1035H13.3
peak_0521	chrX	67718372	67718976	344	ENSG00000181704	YIPF6
peak_0522	chr14	102275980	102276584	344	ENSG00000078304	PPP2R5C
peak_0522	chr14	102275980	102276584	344	ENSG00000259088	CTD-2017C7.2
peak_0523	chr2	8821975	8822579	344	ENSG00000235092	AC011747.7
peak_0523	chr2	8821975	8822579	344	ENSG00000115738	ID2
peak_0524	chr13	52026857	52027461	344	ENSG00000102786	INTS6
peak_0524	chr13	52026857	52027461	344	ENSG00000236778	INTS6-AS1
peak_0525	chr1	109103254	109103858	344	ENSG00000162636	FAM102B
peak_0526	chr16	90061331	90061935	344	ENSG00000223959	AFG3L1P
peak_0527	chr19	39897497	39897722	343	ENSG00000128016	ZFP36
peak_0528	chr2	46191231	46191835	343	ENSG00000171132	PRKCE
peak_0529	chr1	154155328	154155932	343	ENSG00000143549	TPM3
peak_0530	chr14	105438548	105439152	343	ENSG00000185567	AHNAK2
peak_0532	chr5	386506	387110	343	ENSG00000063438	AHRR
peak_0533	chr22	39916320	39916924	343	ENSG00000128272	ATF4
peak_0534	chr6	26157159	26158591	342	ENSG00000168298	HIST1H1E
peak_0534	chr6	26157159	26158591	342	ENSG00000158373	HIST1H2BD
peak_0535	chr6	89790220	89790824	342	ENSG00000271931	RP11-63L7.5
peak_0535	chr6	89790220	89790824	342	ENSG00000146278	PNRC1
peak_0536	chr19	12902512	12902823	342	ENSG00000095066	HOOK2
peak_0536	chr19	12902512	12902823	342	ENSG00000171223	JUNB
peak_0537	chr5	40825505	40826109	342	ENSG00000145592	RPL37
peak_0538	chr20	47895141	47895745	342	ENSG00000177410	ZFAS1
peak_0538	chr20	47895141	47895745	342	ENSG00000209042	SNORD12C
peak_0539	chr3	149095287	149095891	341	ENSG00000169908	TM4SF1
peak_0539	chr3	149095287	149095891	341	ENSG00000240541	TM4SF1-AS1
peak_0540	chr12	53835306	53835910	341	ENSG00000205352	PRR13
peak_0540	chr12	53835306	53835910	341	ENSG00000257379	RP11-793H13.8
peak_0540	chr12	53835306	53835910	341	ENSG00000197111	PCBP2
peak_0544	chr3	122134881	122135485	340	ENSG00000196981	WDR5B
peak_0544	chr3	122134881	122135485	340	ENSG00000272758	RP11-299J3.8
peak_0545	chr2	20101359	20101963	340	ENSG00000183891	TTC32
peak_0545	chr2	20101359	20101963	340	ENSG00000271991	RP11-79O8.1
peak_0546	chr12	31478705	31479309	339	ENSG00000139146	FAM60A
peak_0546	chr12	31478705	31479309	339	ENSG00000177340	AC024940.1
peak_0547	chr21	36260589	36261193	339	ENSG00000159216	RUNX1
peak_0549	chr11	65620504	65621108	339	ENSG00000172757	CFL1
peak_0549	chr11	65620504	65621108	339	ENSG00000172803	SNX32
peak_0551	chrX	18720614	18721218	339	ENSG00000086717	PPEF1
peak_0552	chr11	64901940	64902544	338	ENSG00000162298	SYVN1
peak_0553	chr1	150546916	150547577	338	ENSG00000143384	MCL1
peak_0554	chr1	204386594	204387198	338	ENSG00000226330	RP11-739N20.2
peak_0555	chr1	93544361	93544965	338	ENSG00000143033	MTF2
peak_0556	chr1	45187125	45187701	338	ENSG00000198520	C1orf228
peak_0556	chr1	45187125	45187701	338	ENSG00000199377	RNU5F-1
peak_0557	chr3	5021951	5022555	338	ENSG00000134107	BHLHE40
peak_0558	chr11	85779041	85779645	337	ENSG00000073921	PICALM
peak_0559	chr6	26199485	26200089	337	ENSG00000197409	HIST1H3D
peak_0559	chr6	26199485	26200089	337	ENSG00000197846	HIST1H2BF
peak_0560	chr18	3652633	3653237	337	ENSG00000170579	DLGAP1
peak_0561	chr11	123985976	123986580	336	ENSG00000110002	VWA5A
peak_0562	chr9	140136743	140136894	336	ENSG00000188229	TUBB4B
peak_0564	chr1	155532884	155533488	335	ENSG00000235919	ASH1L-AS1
peak_0565	chr17	46126002	46126606	335	ENSG00000082641	NFE2L1
peak_0566	chr1	24018018	24018622	335	ENSG00000142676	RPL11
peak_0567	chr19	39926270	39926874	335	ENSG00000105193	RPS16
peak_0567	chr19	39926270	39926874	335	ENSG00000196235	SUPT5H
peak_0568	chr17	37617489	37618093	335	ENSG00000167258	CDK12
peak_0569	chr17	33570027	33570341	335	ENSG00000166750	SLFN5
peak_0570	chr1	153606368	153606972	334	ENSG00000189171	S100A13
peak_0570	chr1	153606368	153606972	334	ENSG00000271853	RP1-178F15.5
peak_0570	chr1	153606368	153606972	334	ENSG00000272030	RP1-178F15.4
peak_0570	chr1	153606368	153606972	334	ENSG00000160679	CHTOP
peak_0571	chr9	130860548	130861152	334	ENSG00000148339	SLC25A25
peak_0572	chr15	60685219	60685823	334	ENSG00000182718	ANXA2
peak_0573	chr14	50329561	50330165	333	ENSG00000265150	RN7SL2
peak_0575	chr10	97849618	97850222	332	ENSG00000226688	ENTPD1-AS1
peak_0577	chr11	61129306	61129910	331	ENSG00000162144	CYB561A3
peak_0577	chr11	61129306	61129910	331	ENSG00000149483	TMEM138
peak_0578	chr12	124118145	124118749	331	ENSG00000111361	EIF2B1
peak_0578	chr12	124118145	124118749	331	ENSG00000111358	GTF2H3
peak_0579	chr19	6720303	6720907	331	ENSG00000125730	C3
peak_0582	chr2	20649178	20649782	331	ENSG00000143878	RHOB
peak_0584	chr9	124499153	124499757	329	ENSG00000136848	DAB2IP
peak_0585	chr12	52445162	52448508	329	ENSG00000123358	NR4A1
peak_0586	chr9	4679079	4679683	329	ENSG00000273061	RP11-6J24.6
peak_0586	chr9	4679079	4679683	329	ENSG00000106993	CDC37L1
peak_0587	chr15	60689340	60689944	328	ENSG00000182718	ANXA2
peak_0588	chr14	31091327	31091931	328	ENSG00000092108	SCFD1
peak_0589	chr15	75932465	75933069	328	ENSG00000177971	IMP3
peak_0591	chr17	59940440	59941044	327	ENSG00000136492	BRIP1
peak_0592	chr5	43121936	43122540	327	ENSG00000172262	ZNF131
peak_0593	chr11	65207060	65207547	327	ENSG00000245532	NEAT1
peak_0594	chr18	9914839	9915443	327	ENSG00000101558	VAPA
peak_0595	chr17	73851464	73852068	327	ENSG00000132471	WBP2
peak_0597	chr1	173793589	173794193	327	ENSG00000120334	CENPL
peak_0597	chr1	173793589	173794193	327	ENSG00000117593	DARS2
peak_0598	chr9	95432418	95433022	327	ENSG00000127080	IPPK
peak_0599	chr6	6694839	6695443	327	ENSG00000226281	RP1-80N2.2
peak_0600	chr2	32390737	32391341	327	ENSG00000272716	RP11-563N4.1
peak_0600	chr2	32390737	32391341	327	ENSG00000152683	SLC30A6
peak_0601	chr1	45285235	45285839	327	ENSG00000117425	PTCH2
peak_0601	chr1	45285235	45285839	327	ENSG00000202444	RNU5E-6P
peak_0602	chr11	65209132	65210154	326	ENSG00000245532	NEAT1
peak_0603	chr11	65204953	65205761	326	ENSG00000245532	NEAT1
peak_0604	chr5	172197964	172198222	326	ENSG00000253736	RP11-779O18.3
peak_0604	chr5	172197964	172198222	326	ENSG00000120129	DUSP1
peak_0605	chr1	113161853	113162457	325	ENSG00000007341	ST7L
peak_0605	chr1	113161853	113162457	325	ENSG00000116489	CAPZA1
peak_0606	chr6	30457011	30457615	325	ENSG00000204592	HLA-E
peak_0607	chr1	226187024	226187628	324	ENSG00000143751	SDE2
peak_0608	chr22	41842640	41843244	324	ENSG00000183864	TOB2
peak_0610	chr17	38657524	38658128	324	ENSG00000131746	TNS4
peak_0611	chr17	8279934	8280538	324	ENSG00000265749	RP11-849F2.5
peak_0611	chr17	8279934	8280538	324	ENSG00000184619	KRBA2
peak_0611	chr17	8279934	8280538	324	ENSG00000263809	RP11-849F2.7
peak_0612	chr11	36171166	36171770	324	ENSG00000179241	LDLRAD3
peak_0613	chr17	80250382	80250986	323	ENSG00000265692	RP13-516M14.4
peak_0614	chr14	45430778	45431382	323	ENSG00000179454	KLHL28
peak_0615	chr6	28303223	28303827	323	ENSG00000235109	ZSCAN31
peak_0616	chr2	74699483	74700087	323	ENSG00000204822	MRPL53
peak_0616	chr2	74699483	74700087	323	ENSG00000135637	CCDC142
peak_0617	chr11	73087959	73088563	323	ENSG00000054967	RELT
peak_0618	chr2	10579620	10580224	323	ENSG00000115758	ODC1
peak_0619	chr15	41624786	41625390	323	ENSG00000104147	OIP5
peak_0619	chr15	41624786	41625390	323	ENSG00000137804	NUSAP1
peak_0620	chr17	38470749	38471353	322	ENSG00000131759	RARA
peak_0621	chr16	2014714	2014869	322	ENSG00000140988	RPS2
peak_0622	chr11	62572594	62573198	322	ENSG00000162231	NXF1
peak_0624	chr5	90676320	90676924	322	ENSG00000113369	ARRDC3
peak_0625	chr1	28969223	28969827	322	ENSG00000120656	TAF12
peak_0625	chr1	28969223	28969827	322	ENSG00000229388	RP11-442N24__B.1
peak_0626	chr9	129949620	129950224	322	ENSG00000136828	RALGPS1
peak_0627	chr1	44793435	44794039	322	ENSG00000117419	ERI3
peak_0628	chr15	59664707	59665311	321	ENSG00000157483	MYO1E
peak_0628	chr15	59664707	59665311	321	ENSG00000157470	FAM81A
peak_0629	chr1	156085277	156085881	321	ENSG00000160789	LMNA
peak_0630	chr16	56642692	56642915	321	ENSG00000125148	MT2A
peak_0631	chr20	30697298	30697902	321	ENSG00000101337	TM9SF4
peak_0632	chr10	99334322	99334926	320	ENSG00000165887	ANKRD2
peak_0634	chr11	2950414	2950638	320	ENSG00000181649	PHLDA2
peak_0635	chr1	8021175	8021779	320	ENSG00000116288	PARK7
peak_0636	chr1	110090898	110091502	320	ENSG00000156097	GPR61
peak_0636	chr1	110090898	110091502	320	ENSG00000065135	GNAI3
peak_0637	chr7	45150930	45151534	320	ENSG00000136270	TBRG4
peak_0638	chr20	43972755	43973359	319	ENSG00000124145	SDC4
peak_0639	chr1	211555995	211556599	319	ENSG00000153363	LINC00467
peak_0641	chr3	4783134	4783738	319	ENSG00000150995	ITPR1
peak_0642	chr17	16284115	16284719	319	ENSG00000170315	UBB
peak_0643	chr16	87421776	87422380	319	ENSG00000103264	FBXO31
peak_0643	chr16	87421776	87422380	319	ENSG00000140941	MAP1LC3B
peak_0644	chr9	130318127	130318731	319	ENSG00000136830	FAM129B
peak_0645	chr11	62432626	62432896	319	ENSG00000255432	RP11-831H9.11
peak_0645	chr11	62432626	62432896	319	ENSG00000162194	C11orf48
peak_0645	chr11	62432626	62432896	319	ENSG00000214756	METTL12
peak_0645	chr11	62432626	62432896	319	ENSG00000206597	SNORA57
peak_0646	chr1	204380566	204381170	319	ENSG00000226330	RP11-739N20.2
peak_0646	chr1	204380566	204381170	319	ENSG00000158615	PPP1R15B
peak_0647	chr11	62320784	62321388	318	ENSG00000124942	AHNAK
peak_0648	chr12	49524380	49524984	318	ENSG00000123416	TUBA1B
peak_0648	chr12	49524380	49524984	318	ENSG00000258017	RP11-386G11.10
peak_0650	chr12	104680521	104681125	318	ENSG00000198431	TXNRD1
peak_0651	chr12	54681433	54682037	318	ENSG00000258344	RP11-968A15.8
peak_0652	chr10	134143411	134144015	318	ENSG00000165752	STK32C
peak_0653	chr16	2011055	2011659	317	ENSG00000140990	NDUFB10
peak_0656	chr3	5023182	5023786	317	ENSG00000134107	BHLHE40
peak_0657	chr5	172195780	172196141	317	ENSG00000253736	RP11-779O18.3
peak_0657	chr5	172195780	172196141	317	ENSG00000120129	DUSP1
peak_0658	chr1	24126078	24126682	317	ENSG00000117308	GALE
peak_0659	chr5	38871959	38872563	317	ENSG00000145623	OSMR
peak_0662	chr1	149910861	149911465	316	ENSG00000163113	OTUD7B
peak_0663	chr15	90808506	90809110	316	ENSG00000261147	RP11-697E2.6
peak_0663	chr15	90808506	90809110	316	ENSG00000182768	NGRN
peak_0664	chrX	48432674	48433278	316	ENSG00000204620	AC115618.1
peak_0664	chrX	48432674	48433278	316	ENSG00000102317	RBM3
peak_0666	chr18	3450037	3450641	315	ENSG00000177426	TGIF1
peak_0669	chr10	70715593	70716197	315	ENSG00000165732	DDX21
peak_0670	chr1	46049467	46050071	314	ENSG00000132780	NASP
peak_0671	chr9	127071746	127072350	314	ENSG00000119408	NEK6
peak_0672	chr9	6757210	6757814	314	ENSG00000107077	KDM4C
peak_0673	chr5	41870126	41870730	314	ENSG00000083720	OXCT1
peak_0673	chr5	41870126	41870730	314	ENSG00000248668	OXCT1-AS1
peak_0674	chrX	15692871	15693475	314	ENSG00000186312	CA5BP1
peak_0675	chr9	140506285	140506889	314	ENSG00000197070	ARRDC1
peak_0676	chr7	5553194	5553798	314	ENSG00000155034	FBXL18
peak_0677	chr17	41150203	41150807	314	ENSG00000131469	RPL27
peak_0678	chr3	57583390	57583994	313	ENSG00000168374	ARF4
peak_0678	chr3	57583390	57583994	313	ENSG00000272146	RP11-755B10.4
peak_0679	chr19	16181072	16181676	313	ENSG00000167460	TPM4
peak_0680	chr3	189042336	189042940	313	ENSG00000188001	TPRG1
peak_0681	chr9	36190676	36191280	313	ENSG00000122705	CLTA
peak_0682	chr1	160312619	160313223	313	ENSG00000122218	COPA
peak_0682	chr1	160312619	160313223	313	ENSG00000162736	NCSTN
peak_0684	chr20	32377299	32377903	313	ENSG00000131061	ZNF341
peak_0684	chr20	32377299	32377903	313	ENSG00000230753	RP4-553F4.6
peak_0685	chr3	5025606	5026210	313	ENSG00000134107	BHLHE40
peak_0686	chr10	90640402	90641006	312	ENSG00000138134	STAMBPL1
peak_0687	chr11	61559593	61560197	312	ENSG00000134825	TMEM258
peak_0687	chr11	61559593	61560197	312	ENSG00000207601	MIR611
peak_0687	chr11	61559593	61560197	312	ENSG00000168496	FEN1
peak_0688	chr6	136610729	136611333	311	ENSG00000029363	BCLAF1
peak_0689	chr1	154909695	154910299	311	ENSG00000270361	RP11-307C12.13
peak_0690	chr11	11863857	11864461	311	ENSG00000170242	USP47
peak_0691	chr9	124049186	124049790	311	ENSG00000148180	GSN
peak_0692	chr2	85133899	85134128	311	ENSG00000186854	TRABD2A
peak_0693	chr11	58345177	58345781	311	ENSG00000110031	LPXN
peak_0695	chr11	61732712	61733316	310	ENSG00000167995	BEST1
peak_0695	chr11	61732712	61733316	310	ENSG00000167996	FTH1
peak_0696	chr17	57916924	57917528	309	ENSG00000062716	VMP1
peak_0697	chr1	68297595	68298199	309	ENSG00000172380	GNG12
peak_0697	chr1	68297595	68298199	309	ENSG00000232284	GNG12-AS1
peak_0698	chr12	46662158	46662762	309	ENSG00000111371	SLC38A1
peak_0699	chr1	171711271	171711875	309	ENSG00000117533	VAMP4
peak_0700	chr14	58894226	58894830	309	ENSG00000100575	TIMM9
peak_0700	chr14	58894226	58894830	309	ENSG00000100578	KIAA0586
peak_0703	chr8	101965242	101965846	309	ENSG00000164924	YWHAZ
peak_0704	chr19	12904852	12905669	309	ENSG00000095066	HOOK2
peak_0705	chr12	46763233	46763837	308	ENSG00000134294	SLC38A2
peak_0706	chr10	112262423	112263027	308	ENSG00000138166	DUSP5
peak_0708	chr11	66103582	66104186	308	ENSG00000174791	RIN1
peak_0708	chr11	66103582	66104186	308	ENSG00000254756	RP11-867G23.12
peak_0709	chr6	44214900	44215080	308	ENSG00000096384	HSP90AB1
peak_0710	chr3	196295030	196295634	308	ENSG00000185798	WDR53
peak_0710	chr3	196295030	196295634	308	ENSG00000174013	FBXO45
peak_0711	chr3	193853899	193854503	308	ENSG00000114315	HES1
peak_0713	chr15	90436836	90437440	308	ENSG00000157823	AP3S2
peak_0713	chr15	90436836	90437440	308	ENSG00000250021	C15orf38-AP3S2
peak_0714	chr14	50086896	50087500	308	ENSG00000165502	RPL36AL
peak_0714	chr14	50086896	50087500	308	ENSG00000168282	MGAT2
peak_0715	chr18	3451111	3451715	308	ENSG00000177426	TGIF1
peak_0716	chr11	67007385	67007989	308	ENSG00000173120	KDM2A
peak_0717	chr11	18417218	18417822	308	ENSG00000134333	LDHA
peak_0718	chr9	131902197	131902801	307	ENSG00000119383	PPP2R4
peak_0719	chr8	38239842	38240446	307	ENSG00000272092	RP11-350N15.5
peak_0720	chr15	93447125	93447729	307	ENSG00000173575	CHD2
peak_0720	chr15	93447125	93447729	307	ENSG00000264173	MIR3175
peak_0722	chr8	103660462	103661066	307	ENSG00000155090	KLF10
peak_0723	chr20	44509669	44510273	307	ENSG00000168612	ZSWIM1
peak_0725	chr1	174968109	174968713	307	ENSG00000116161	CACYBP
peak_0726	chr2	73461200	73461804	307	ENSG00000135624	CCT7
peak_0727	chr5	72793867	72794471	307	ENSG00000272525	RP11-79P5.9
peak_0727	chr5	72793867	72794471	307	ENSG00000145741	BTF3
peak_0728	chr6	31509433	31510037	306	ENSG00000198563	DDX39B
peak_0728	chr6	31509433	31510037	306	ENSG00000254870	ATP6V1G2-DDX39B
peak_0729	chr15	43398119	43398723	306	ENSG00000159459	UBR1
peak_0729	chr15	43398119	43398723	306	ENSG00000166947	EPB42
peak_0730	chr6	26043644	26044248	306	ENSG00000196226	HIST1H2BB
peak_0730	chr6	26043644	26044248	306	ENSG00000234816	U91328.2
peak_0732	chr19	1261793	1262397	306	ENSG00000099622	CIRBP
peak_0733	chr11	10314862	10315466	306	ENSG00000133812	SBF2
peak_0734	chr17	7475858	7476462	305	ENSG00000265500	SENP3-EIF4A1
peak_0734	chr17	7475858	7476462	305	ENSG00000161960	EIF4A1
peak_0734	chr17	7475858	7476462	305	ENSG00000264772	SNORA67
peak_0735	chr2	47261415	47262019	305	ENSG00000068724	TTC7A
peak_0736	chr2	73963782	73964386	305	ENSG00000144034	TPRKB
peak_0737	chr2	37458419	37459023	305	ENSG00000115816	CEBPZ
peak_0737	chr2	37458419	37459023	305	ENSG00000003509	NDUFAF7
peak_0738	chr11	47237636	47238240	305	ENSG00000134574	DDB2
peak_0739	chr7	117823675	117824279	305	ENSG00000128534	NAA38
peak_0740	chr7	44887876	44888480	305	ENSG00000234183	AC004854.4
peak_0742	chr9	132512378	132512982	304	ENSG00000148344	PTGES
peak_0743	chr6	160114702	160115306	304	ENSG00000112096	SOD2
peak_0744	chr5	180662569	180663173	304	ENSG00000146063	TRIM41
peak_0745	chr1	108741920	108742524	303	ENSG00000085491	SLC25A24
peak_0747	chr17	56076968	56077572	303	ENSG00000266086	RP11-159D12.5
peak_0748	chr11	65149983	65150587	303	ENSG00000162241	SLC25A45
peak_0749	chr2	128458472	128459076	303	ENSG00000136709	WDR33
peak_0749	chr2	128458472	128459076	303	ENSG00000173349	SFT2D3
peak_0750	chr1	154944784	154945388	303	ENSG00000160691	SHC1
peak_0751	chr2	43448802	43449406	303	ENSG00000115970	THADA
peak_0752	chr10	75012315	75012919	303	ENSG00000182180	MRPS16
peak_0752	chr10	75012315	75012919	303	ENSG00000236756	DNAJC9-AS1
peak_0752	chr10	75012315	75012919	303	ENSG00000227540	RP11-152N13.5
peak_0754	chr6	27806082	27806686	303	ENSG00000184348	HIST1H2AK
peak_0754	chr6	27806082	27806686	303	ENSG00000233822	HIST1H2BN
peak_0755	chr1	153599664	153600268	303	ENSG00000189171	S100A13
peak_0755	chr1	153599664	153600268	303	ENSG00000271853	RP1-178F15.5
peak_0756	chr20	48599544	48599706	303	ENSG00000124216	SNAI1
peak_0757	chr11	65202797	65204576	303	ENSG00000245532	NEAT1
peak_0758	chr11	93467702	93468306	302	ENSG00000166012	TAF1D
peak_0758	chr11	93467702	93468306	302	ENSG00000210825	SNORA40
peak_0759	chr3	135915318	135915922	302	ENSG00000174579	MSL2
peak_0760	chr1	150266051	150266655	302	ENSG00000187145	MRPS21
peak_0761	chr17	78765609	78766213	302	ENSG00000141564	RPTOR
peak_0762	chr18	19180330	19180934	301	ENSG00000141446	ESCO1
peak_0763	chr5	108083340	108083944	301	ENSG00000151422	FER
peak_0764	chr2	20646504	20647108	301	ENSG00000143878	RHOB
peak_0766	chr1	205600053	205600657	301	ENSG00000158711	ELK4
peak_0767	chr1	158979517	158980121	301	ENSG00000163565	IFI16
peak_0768	chr9	125667332	125667936	301	ENSG00000056586	RC3H2
peak_0769	chr19	51298401	51299005	300	ENSG00000142513	ACPT
peak_0770	chr5	5422021	5422625	300	ENSG00000164151	KIAA0947
peak_0771	chr3	48754240	48754844	300	ENSG00000068745	IP6K2
peak_0772	chr3	179322205	179322809	300	ENSG00000136522	MRPL47
peak_0772	chr3	179322205	179322809	300	ENSG00000136521	NDUFB5
peak_0773	chr3	160283649	160284253	300	ENSG00000229320	KRT8P12
peak_0774	chr7	44836938	44837542	300	ENSG00000196262	PPIA
peak_0775	chr19	49375970	49376150	300	ENSG00000087074	PPP1R15A
peak_0777	chr11	65769257	65769861	300	ENSG00000175376	EIF1AD
peak_0777	chr11	65769257	65769861	300	ENSG00000175334	BANF1
peak_0779	chr3	12874560	12875164	299	ENSG00000144712	CAND2
peak_0780	chr11	93885291	93885895	299	ENSG00000110218	PANX1
peak_0781	chr17	74733090	74733694	299	ENSG00000267168	RP11-318A15.7
peak_0781	chr17	74733090	74733694	299	ENSG00000161547	SRSF2
peak_0781	chr17	74733090	74733694	299	ENSG00000092931	MFSD11
peak_0782	chrX	41209785	41210212	299	ENSG00000215301	DDX3X
peak_0783	chr5	44808624	44809228	299	ENSG00000251141	RP11-53O19.1
peak_0783	chr5	44808624	44809228	299	ENSG00000112996	MRPS30
peak_0784	chr15	83418851	83419455	299	ENSG00000259442	RP11-752G15.8
peak_0784	chr15	83418851	83419455	299	ENSG00000250988	RP11-752G15.6
peak_0785	chr10	81965229	81965833	299	ENSG00000122359	ANXA11
peak_0786	chr9	140171839	140172443	299	ENSG00000198113	TOR4A
peak_0788	chr11	33744406	33745010	298	ENSG00000085063	CD59
peak_0789	chr6	33266792	33267396	298	ENSG00000237441	RGL2
peak_0790	chr1	249120402	249121006	298	ENSG00000175137	SH3BP5L
peak_0790	chr1	249120402	249121006	298	ENSG00000264500	MIR3124
peak_0792	chr6	134491400	134491684	298	ENSG00000118515	SGK1
peak_0793	chr14	69259633	69259802	298	ENSG00000185650	ZFP36L1
peak_0795	chr9	100684204	100684808	297	ENSG00000136932	C9orf156
peak_0796	chr15	74838379	74838983	297	ENSG00000179361	ARID3B
peak_0798	chr2	24298773	24299377	296	ENSG00000115128	SF3B14
peak_0799	chr2	20817620	20818224	296	ENSG00000118960	HS1BP3
peak_0800	chr9	135545320	135545924	296	ENSG00000125485	DDX31
peak_0800	chr9	135545320	135545924	296	ENSG00000125484	GTF3C4
